direction,flap_deg,downforce_mean,downforce_std,drag_mean,drag_std
flattening,40,3.1690787513813055,0.2027919560717473,0.5085339414765154,0.06679159359955275
flattening,34,2.7060052200176994,0.10787800772154538,0.46669515588305105,0.03320107341744102
flattening,28,2.2966669648246514,0.13898679458531937,0.40620573160431955,0.024502731171541076
flattening,22,1.9464849262576787,0.18171316775788277,0.34558460173324484,0.06732242839171426
flattening,16,1.389757558418174,0.15971319290922426,0.2647272617093633,0.03669656295345251
flattening,10,0.9015032640908063,0.1352741572018733,0.21835991837660435,0.030119146560474343
flattening,6,1.051520190809638,0.1807926656669811,0.2108996775226083,0.03652180475974196
tilting up,6,1.1264612086217762,0.03664838662222524,0.19966433811739032,0.014744878366630876
tilting up,10,1.3088329768816593,0.09827588007096594,0.21768770741429835,0.02301757320256186
tilting up,16,1.633472573195246,0.1038260662826304,0.2561782822870972,0.02752033874495661
tilting up,22,1.9780939434136942,0.11571618360368553,0.3087858292180949,0.0352236476087479
tilting up,28,2.139087114261543,0.051359233494841665,0.3850866321037526,0.01810792745051407
tilting up,34,2.317968701337999,0.09616768060379435,0.5428094826183155,0.039585711881932904
tilting up,40,2.7986418776753132,0.05609067741299043,0.6112019532596688,0.035459170842188484
