state,chords_of_flow,downforce_mean,downforce_std
before (never thickened),0.0,0.6671431977071881,0.2388943871381943
"after 24%, block 1",0.9375,0.20503025761357066,0.22017973050456868
"after 24%, block 2",1.875,0.4712056477864584,0.0929387436359329
"after 24%, block 3",2.8125,0.5769882390528551,0.04681399692988092
"after 24%, block 4",3.75,0.608382123782311,0.03572830763245935
"after 24%, block 5",4.6875,0.6355274718484761,0.05140415413559272
"after 24%, block 6",5.625,0.6450756120093075,0.0950099089281458
"after 24%, block 7",6.5625,0.658874304500627,0.03535195355487693
"after 24%, block 8",7.5,0.6634361926420236,0.036890343164028304
"after 24%, block 9",8.4375,0.6570353755244502,0.05162428937849187
"after 24%, block 10",9.375,0.662238547242718,0.03844684831553151
