side,x_over_c,cp
suction side (underneath),0.9999520758578391,-0.5605021389071518
suction side (underneath),0.999760395549156,-0.5605770253648565
suction side (underneath),0.9993770999737195,-0.5593815295656556
suction side (underneath),0.9988023192236701,-0.5576170777115725
suction side (underneath),0.9980362484577244,-0.5553482854063517
suction side (underneath),0.9970791479252273,-0.5526466419388951
suction side (underneath),0.9959313429973,-0.5496010754010334
suction side (underneath),0.9945932242043021,-0.5463176659626933
suction side (underneath),0.9930652472786587,-0.5429193040739251
suction side (underneath),0.9913479332019026,-0.5395452948113529
suction side (underneath),0.9894418682546504,-0.5332009924875719
suction side (underneath),0.9873477040680657,-0.5261401214333459
suction side (underneath),0.9850661576752096,-0.5187829668505667
suction side (underneath),0.9825980115605955,-0.5112165946595412
suction side (underneath),0.9799441137061085,-0.5045037181301087
suction side (underneath),0.9771053776314012,-0.4985824907009393
suction side (underneath),0.9740827824267667,-0.49362823980231296
suction side (underneath),0.9708773727764584,-0.4899810466746319
suction side (underneath),0.9674902589703693,-0.4863242437616723
suction side (underneath),0.9639226169019721,-0.4833789881527175
suction side (underneath),0.9601756880504151,-0.4796986538277489
suction side (underneath),0.9562507794446786,-0.4761432328820859
suction side (underneath),0.9521492636077359,-0.4766148957308167
suction side (underneath),0.9478725784787106,-0.4766672114046192
suction side (underneath),0.9434222273110918,-0.48314044928913474
suction side (underneath),0.9387997785451376,-0.4851052410355567
suction side (underneath),0.9340068656527161,-0.4803710487035329
suction side (underneath),0.9290451869529308,-0.481934564769891
suction side (underneath),0.9239165053969935,-0.4860321154091418
suction side (underneath),0.9186226483209723,-0.4796001355916712
suction side (underneath),0.9131655071651451,-0.4734297015978896
suction side (underneath),0.9075470371588829,-0.4760255597493181
suction side (underneath),0.9017692569701152,-0.4720923561265288
suction side (underneath),0.895834248318614,-0.4610478591649362
suction side (underneath),0.8897441555524859,-0.45375591448541225
suction side (underneath),0.8835011851874404,-0.4566571579656118
suction side (underneath),0.8771076054085638,-0.4525747002063726
suction side (underneath),0.8705657455344942,-0.44224575697512586
suction side (underneath),0.8638779954440562,-0.4442720187233544
suction side (underneath),0.8570468049655658,-0.44214521365083087
suction side (underneath),0.850074683229167,-0.4326618021345336
suction side (underneath),0.8429641979826992,-0.42781850080630834
suction side (underneath),0.8357179748717181,-0.4320848963994602
suction side (underneath),0.8283386966844163,-0.4244318381958822
suction side (underneath),0.8208291025622935,-0.419677179853623
suction side (underneath),0.8131919871775021,-0.4240257296787613
suction side (underneath),0.805430199877888,-0.418380423596692
suction side (underneath),0.7975466438007958,-0.41584213285937427
suction side (underneath),0.7895442749567426,-0.4194994009220155
suction side (underneath),0.7814261012841096,-0.41896045538292004
suction side (underneath),0.7731951816759932,-0.41855406093344
suction side (underneath),0.7648546249803613,-0.42035608070775127
suction side (underneath),0.7564075889746334,-0.4207276862062272
suction side (underneath),0.7478572793157655,-0.4246545759898115
suction side (underneath),0.7392069484668653,-0.42357148081032975
suction side (underneath),0.7304598946012995,-0.4244878722232505
suction side (underneath),0.7216194604851639,-0.42684241792297994
suction side (underneath),0.7126890323389069,-0.4250970435108167
suction side (underneath),0.7036720386787776,-0.4296138252334773
suction side (underneath),0.6945719491386675,-0.4350468456395637
suction side (underneath),0.685392273272783,-0.4345215378016347
suction side (underneath),0.676136559339466,-0.4344617629745168
suction side (underneath),0.6668083930663422,-0.4406301005518399
suction side (underneath),0.6574113963968431,-0.4424895245763182
suction side (underneath),0.6479492262180117,-0.44431849211096974
suction side (underneath),0.6384255730693724,-0.44662100998493426
suction side (underneath),0.6288441598325081,-0.45210004900430206
suction side (underneath),0.6192087404008669,-0.4547460779673661
suction side (underneath),0.6095230983292056,-0.45708602518326596
suction side (underneath),0.59979104546196,-0.4621612290297913
suction side (underneath),0.5900164205397517,-0.46603753697514755
suction side (underneath),0.5802030877831327,-0.46566414355436103
suction side (underneath),0.5703549354526258,-0.4705326926876172
suction side (underneath),0.5604758743840442,-0.47700654686981214
suction side (underneath),0.5505698364980509,-0.4851842629236124
suction side (underneath),0.5406407732828908,-0.48716282956771434
suction side (underneath),0.5306926542492366,-0.49468468967000834
suction side (underneath),0.5207294653561089,-0.5012751272072894
suction side (underneath),0.5107552074068702,-0.5053062601368646
suction side (underneath),0.5007738944143609,-0.517070031932258
suction side (underneath),0.49078955193432316,-0.5239388106221907
suction side (underneath),0.48080621536637114,-0.532795353098997
suction side (underneath),0.4708279282218862,-0.5335106210525292
suction side (underneath),0.46085874035836094,-0.543759307635818
suction side (underneath),0.4509027061798871,-0.5571339366848637
suction side (underneath),0.4409638828036583,-0.5631518125435699
suction side (underneath),0.4310463281925646,-0.573947071484834
suction side (underneath),0.42115409925416325,-0.5784693749622866
suction side (underneath),0.4112912499065501,-0.5892680614849644
suction side (underneath),0.4014377109594124,-0.6036925722960939
suction side (underneath),0.39154326734909495,-0.611476379473042
suction side (underneath),0.3816357002932618,-0.6294055793240513
suction side (underneath),0.3717730916363217,-0.637730927428152
suction side (underneath),0.3619597984102478,-0.643258078928402
suction side (underneath),0.35220016727900016,-0.6632753568034232
suction side (underneath),0.3424985314178802,-0.6728745598897159
suction side (underneath),0.33285920734251695,-0.684118029619892
suction side (underneath),0.32328649169458096,-0.7027514538415405
suction side (underneath),0.313784657991829,-0.7140119779868319
suction side (underneath),0.3043579533505544,-0.7301846524904433
suction side (underneath),0.2950105951889547,-0.7498873344706525
suction side (underneath),0.2857467679202868,-0.7633984830541891
suction side (underneath),0.2765706196450035,-0.784138514785588
suction side (underneath),0.2674862588513258,-0.808138583102637
suction side (underneath),0.25849775113389317,-0.8227998076322922
suction side (underneath),0.24960911594026194,-0.846323125305212
suction side (underneath),0.24082432335509654,-0.8582998660481796
suction side (underneath),0.2321472909318675,-0.8743764541563487
suction side (underneath),0.22358188058181722,-0.8707031073346043
suction side (underneath),0.21513189552979098,-0.8487908986589564
suction side (underneath),0.2068010773463202,-0.8292448472067643
suction side (underneath),0.19859310306506692,-0.7646509831749542
suction side (underneath),0.19051158239437893,-0.809203260215704
suction side (underneath),0.18256005503130188,-0.8676808612277923
suction side (underneath),0.1747419880859106,-0.8300371166004513
suction side (underneath),0.16706077362330535,-0.837706353252296
suction side (underneath),0.15951972633001907,-0.9093557341313055
suction side (underneath),0.15212208131095836,-0.9303455763942786
suction side (underneath),0.14487099202232248,-0.9221260987848602
suction side (underneath),0.13776952834522538,-0.9923358822559791
suction side (underneath),0.13082067480400283,-1.0508857889942318
suction side (underneath),0.12402732893239767,-1.01142447395338
suction side (underneath),0.11739229979003499,-0.9711048069239574
suction side (underneath),0.11091830663076206,-1.0054548902934082
suction side (underneath),0.1046079777236269,-0.8902527973532945
suction side (underneath),0.09846384932641705,-0.859698797420951
suction side (underneath),0.09248836481088005,-0.9166687439479031
suction side (underneath),0.08668387393790548,-1.0736491238848838
suction side (underneath),0.08105263228016822,-1.031735437107092
suction side (underneath),0.07559680078894086,-0.8944996238952458
suction side (underneath),0.07031844550102663,-0.8250804251472891
suction side (underneath),0.06521953738105639,-0.9148463475577058
suction side (underneath),0.06030195229368955,-0.9618480541438686
suction side (underneath),0.05556747109963482,-0.9576314976724838
suction side (underneath),0.05101777986879728,-0.977102701851681
suction side (underneath),0.04665447020332027,-1.0283306359105968
suction side (underneath),0.042479039662799416,-1.077970852985766
suction side (underneath),0.038492892283513776,-1.0411255288773777
suction side (underneath),0.034697339183151724,-0.9020885432408469
suction side (underneath),0.03109359924219294,-0.905903905266504
suction side (underneath),0.0276827998528791,-0.94286552809277
suction side (underneath),0.024465977726522613,-0.8882447355304738
suction side (underneath),0.021444079749798305,-0.6715481696803136
suction side (underneath),0.018617963880628946,-0.5131082955419058
suction side (underneath),0.015988400074301443,-0.6161583953408968
suction side (underneath),0.013556071230556688,-0.624638981102471
suction side (underneath),0.011321574152560299,-0.555450058909004
suction side (underneath),0.009285420508891145,-0.45723474935204883
suction side (underneath),0.007448037789992654,-0.33833816241712195
suction side (underneath),0.005809770250882865,-0.21640035221198098
suction side (underneath),0.004370879832341357,-0.17138038537804592
suction side (underneath),0.0031315470532696,-0.16190264483271424
suction side (underneath),0.0020918718674470932,-0.15623884374669794
suction side (underneath),0.0012518744784838975,-0.1522765086886167
suction side (underneath),0.000611496107392988,0.02052724504261732
suction side (underneath),0.00017059970786752074,0.2594813145203371
pressure side (on top),-7.102937495085956e-05,0.45268192901456766
pressure side (on top),-0.00011368280570222099,0.6285128872505815
pressure side (on top),4.2271277229219143e-05,0.8103753924453008
pressure side (on top),0.0003949036812005465,0.9690239972836966
pressure side (on top),0.0009407243680903668,0.9732211819898733
pressure side (on top),0.0016776525515331138,0.9733998621569294
pressure side (on top),0.0026050169639363872,0.9435446356601405
pressure side (on top),0.0037220713924185148,0.8183808652411417
pressure side (on top),0.005027995389472616,0.8300563860033333
pressure side (on top),0.00652189510447222,0.9649119531895511
pressure side (on top),0.00820280423319858,0.9436134010617673
pressure side (on top),0.01006968508179664,0.7523428850771455
pressure side (on top),0.012121429740817478,0.5843401286478701
pressure side (on top),0.014356861364280934,0.5186844339080179
pressure side (on top),0.016774735548015934,0.5085232601245016
pressure side (on top),0.019373741800888276,0.5166300076269296
pressure side (on top),0.022152505101925065,0.4959606643026835
pressure side (on top),0.025109587535799185,0.39574294939660304
pressure side (on top),0.028243489998638686,0.2858793966716154
pressure side (on top),0.031552653965687294,0.2172806173054508
pressure side (on top),0.03503546331195921,0.22200928610712495
pressure side (on top),0.03869024617671405,0.20748333153491577
pressure side (on top),0.04251527686232166,0.22435150587326816
pressure side (on top),0.046508777757903325,0.2130596478163768
pressure side (on top),0.05066892127800984,0.1650298048760275
pressure side (on top),0.054993831806548224,0.16859506115803213
pressure side (on top),0.05948158763618711,0.11191781858418348
pressure side (on top),0.06413022289355365,0.0410911137807831
pressure side (on top),0.06893772944069394,0.013555121822560016
pressure side (on top),0.07390205874348164,0.05869136985479678
pressure side (on top),0.07902112369796152,0.14855907122515052
pressure side (on top),0.0842928004059519,0.15648607318458857
pressure side (on top),0.08971492989164849,0.10005170013568307
pressure side (on top),0.09528531975144437,0.015789280661334254
pressure side (on top),0.10100174572970266,-0.04236795122482386
pressure side (on top),0.10686195321379821,-0.09475175855979139
pressure side (on top),0.11286365864236834,-0.11657889824934703
pressure side (on top),0.11900455082137422,-0.00096785179418378
pressure side (on top),0.12528229214328832,0.04700655717809604
pressure side (on top),0.13169451970544355,0.04139808800019821
pressure side (on top),0.13823884632436145,0.006322189880119886
pressure side (on top),0.14491286144364476,0.025217823077035767
pressure side (on top),0.15171413193382452,0.06569316052960131
pressure side (on top),0.15864020278336302,0.07816581650251196
pressure side (on top),0.16568859768082128,0.07709286115745867
pressure side (on top),0.1728568194890063,0.07496772040709779
pressure side (on top),0.18014235061271694,0.05698227089845294
pressure side (on top),0.1875426532624831,0.0031861000318314362
pressure side (on top),0.19505516961746408,-0.05856586534037105
pressure side (on top),0.20267732189139256,-0.08759208436701274
pressure side (on top),0.2104065123061663,-0.03150115102523701
pressure side (on top),0.21824012297833487,-0.004754702890605899
pressure side (on top),0.22617551572436395,-0.015629346303942766
pressure side (on top),0.23421003179111466,-0.016696629977806375
pressure side (on top),0.24234099151850189,0.0025516391606926403
pressure side (on top),0.25056569394174866,0.013707683354810627
pressure side (on top),0.25888141634105777,0.010658980199548692
pressure side (on top),0.26728541374685244,0.013941443477292535
pressure side (on top),0.27577491840901724,0.027848764013299207
pressure side (on top),0.28434713923875915,0.03288066556485472
pressure side (on top),0.29299926123186004,0.03345369346557708
pressure side (on top),0.30172844488214007,0.044045066117816126
pressure side (on top),0.3105318255939603,0.044725546138251325
pressure side (on top),0.3194065131025162,-0.012095863924086415
pressure side (on top),0.32834959091052657,-0.0703338981320204
pressure side (on top),0.33735811574973157,-0.08245766493162429
pressure side (on top),0.34642911707533386,-0.026183333452656513
pressure side (on top),0.3555595966011975,-0.03838836879280845
pressure side (on top),0.3647465278832326,-0.0495267181428043
pressure side (on top),0.37398685595795683,-0.02536238612793821
pressure side (on top),0.3832774970427559,-0.02209888307641418
pressure side (on top),0.39261533830382683,-0.031729197805796173
pressure side (on top),0.4020509222770235,-0.017590271461571775
pressure side (on top),0.4116043581241715,-0.004718403372350901
pressure side (on top),0.4212177530198668,-0.014778395899585708
pressure side (on top),0.430863430249961,-0.012882807210309752
pressure side (on top),0.44053781844150025,0.007954243676696102
pressure side (on top),0.4502373278578088,0.001753572762795899
pressure side (on top),0.45995835144678804,-0.043145827491436334
pressure side (on top),0.4696972659298988,-0.08219320479738883
pressure side (on top),0.47945043293117495,-0.10305901235386743
pressure side (on top),0.4892142001454011,-0.06985384657895496
pressure side (on top),0.49898490254434924,-0.06981749526530616
pressure side (on top),0.508758863619782,-0.07339841318727747
pressure side (on top),0.5185323966617386,-0.05924667486789274
pressure side (on top),0.5283018060704544,-0.05928475425444884
pressure side (on top),0.5380633887001197,-0.06076775231128741
pressure side (on top),0.5478134352325551,-0.05040788638701277
pressure side (on top),0.5575482315787763,-0.04912701010560199
pressure side (on top),0.5672640603063389,-0.042056043398872096
pressure side (on top),0.5769572020902924,-0.04290295731426523
pressure side (on top),0.5866239371855244,-0.08416841967384675
pressure side (on top),0.5962605469182706,-0.13290011043464578
pressure side (on top),0.6058633151945498,-0.1404758608001979
pressure side (on top),0.6154285300233223,-0.10805485758247693
pressure side (on top),0.6249524850521917,-0.11998543284246138
pressure side (on top),0.6344314811135432,-0.12209621056149053
pressure side (on top),0.6438618277790742,-0.0997642027388332
pressure side (on top),0.6532398449207704,-0.10847702457722416
pressure side (on top),0.6625618642764745,-0.11670279516545576
pressure side (on top),0.6718242310183145,-0.09357463469387645
pressure side (on top),0.6810233053223798,-0.09737443723306116
pressure side (on top),0.690155463938164,-0.1003081661514846
pressure side (on top),0.6992171017564339,-0.08588920908754141
pressure side (on top),0.7082046333743198,-0.11054485527258456
pressure side (on top),0.7171144946565704,-0.16608252202289953
pressure side (on top),0.7259431442920597,-0.19484830956532392
pressure side (on top),0.7346870653447656,-0.17606991389776808
pressure side (on top),0.7433427667985901,-0.17307312750116075
pressure side (on top),0.7519067850955137,-0.18114804763506126
pressure side (on top),0.7603756856667014,-0.17451662965773265
pressure side (on top),0.7687460644563011,-0.16450469318843403
pressure side (on top),0.7770145494377662,-0.16495597488999394
pressure side (on top),0.7851778021226425,-0.17551012408009586
pressure side (on top),0.7932325190618286,-0.17079898055442505
pressure side (on top),0.8011754333393878,-0.14958295953306353
pressure side (on top),0.8090033160590465,-0.1544136038302975
pressure side (on top),0.8167129778235424,-0.19309517412277175
pressure side (on top),0.8243012702070068,-0.23898440427883164
pressure side (on top),0.8317650872205773,-0.2758819767330899
pressure side (on top),0.839101366771414,-0.29381392630069664
pressure side (on top),0.8463070921152716,-0.27801559310582485
pressure side (on top),0.8533792933027321,-0.27165022719536547
pressure side (on top),0.8603150486191464,-0.27351701163825726
pressure side (on top),0.8671114860182546,-0.2777038674994853
pressure side (on top),0.8737657845493756,-0.27443074810405593
pressure side (on top),0.8802751757779471,-0.2677407877505743
pressure side (on top),0.886636945199094,-0.27743001162399805
pressure side (on top),0.8928484336437761,-0.28284491672420575
pressure side (on top),0.89890703867694,-0.2758347193043939
pressure side (on top),0.904810215986958,-0.25407316958802817
pressure side (on top),0.9105554807655033,-0.2701608218728473
pressure side (on top),0.9161404090768491,-0.3043992789000816
pressure side (on top),0.9215626392154497,-0.36278548442481773
pressure side (on top),0.9268198730504918,-0.4354131821942263
pressure side (on top),0.9319098773559786,-0.49312726446706945
pressure side (on top),0.936830485124746,-0.5032893158102468
pressure side (on top),0.9415795968646813,-0.48931375074847067
pressure side (on top),0.9461551818752816,-0.4631188142173832
pressure side (on top),0.9505552795025638,-0.47054948638893684
pressure side (on top),0.95477800037022,-0.4855451690480953
pressure side (on top),0.9588215275848143,-0.49673202189856097
pressure side (on top),0.9626841179127332,-0.5059213657753948
pressure side (on top),0.9663641029265037,-0.5088683069942029
pressure side (on top),0.9698598901180623,-0.5097878252566926
pressure side (on top),0.973169963976486,-0.5139633625539819
pressure side (on top),0.9762928870276929,-0.5244011236498969
pressure side (on top),0.979227300833584,-0.5342680632220349
pressure side (on top),0.9819719269481332,-0.5415992597192909
pressure side (on top),0.9845255678279322,-0.546447092973803
pressure side (on top),0.9868871076947635,-0.5504357161423488
pressure side (on top),0.9890555133478236,-0.5529607504092081
pressure side (on top),0.9910298349233024,-0.5484565261530396
pressure side (on top),0.9928092065991254,-0.544481048385437
pressure side (on top),0.9943928472427858,-0.5410099354114236
pressure side (on top),0.9957800610003067,-0.5380213189845269
pressure side (on top),0.9969702378245504,-0.5354959133038216
pressure side (on top),0.9979628539412205,-0.53383739402166
pressure side (on top),0.9987574722511074,-0.532674040778477
pressure side (on top),0.9993537426672883,-0.5318280376598862
pressure side (on top),0.99975140238621,-0.5312766825235881
pressure side (on top),0.9999502760917767,-0.5310048034920315
pressure side (on top),1.0,-0.5424977352020546
