direction,thickness_pct,downforce_mean,downforce_std,drag_mean,drag_std
thickening,6,0.6318235986026717,0.17618958031065143,0.10314696677673012,0.021936268077037708
thickening,9,0.7274075731819057,0.06823224536552654,0.10941052032105718,0.008439317113492217
thickening,12,0.589802070900246,0.06869728152759552,0.1224635081526674,0.016114808701113294
thickening,15,0.48669334694191263,0.1376425735004676,0.14284194582774315,0.017038745546555916
thickening,18,0.47131102762104554,0.144226954673952,0.16559580685915773,0.016333409366404976
thickening,21,0.3758983847535687,0.20146107251719728,0.18658214871898113,0.029682991418400185
thickening,24,0.3335000497323496,0.1651680679531542,0.20917354422954867,0.02213219335830986
thinning,24,0.22546207757643713,0.2668012423609596,0.24668854530210851,0.018472143903353673
thinning,21,-0.01952211356457369,0.14246925617344447,0.15068396098083922,0.009527146198482148
thinning,18,0.016807273582175923,0.1593963908039833,0.15922777133959312,0.013232756021701474
thinning,15,0.13889840208453894,0.1890343457182214,0.13127379174585696,0.01888246192917549
thinning,12,0.31579274307062605,0.06179318709422789,0.11692338777177129,0.005664261839181322
thinning,9,0.34883160061306434,0.16083781345964834,0.11566649616500478,0.01734713680562278
thinning,6,0.4820887718671634,0.05337376569198342,0.10367190249172259,0.0048333258210334585
